Date,Produit,Région,Quantité,Prix,Catégorie,Revenue
2023-04-13,Laptop,North,6,891.13,Electronics,5346.78
2024-03-11,Laptop,South,7,799.21,Electronics,5594.47
2023-09-28,Laptop,West,3,1150.23,Electronics,3450.69
2023-04-17,Tablet,West,7,459.62,Electronics,3217.34
2023-03-13,Tablet,South,8,561.92,Electronics,4495.36
2024-12-01,Laptop,South,6,1346.44,Electronics,8078.64
2023-01-21,Monitor,West,9,1422.36,Electronics,12801.24
2024-09-06,Headphones,North,6,1344.21,Accessories,8065.26
2023-05-02,Headphones,North,9,658.2,Accessories,5923.8
2024-04-11,Phone,South,4,1181.53,Electronics,4726.12
2023-08-03,Monitor,North,8,740.69,Electronics,5925.52
2023-11-27,Tablet,West,4,771.43,Electronics,3085.72
2024-04-03,Laptop,North,2,346.79,Electronics,693.58
2023-03-29,Phone,South,9,907.14,Electronics,8164.26
2024-01-08,Headphones,West,5,319.9,Accessories,1599.5
2023-04-10,Tablet,North,4,530.77,Electronics,2123.08
2024-10-25,Tablet,East,2,1289.79,Electronics,2579.58
2023-05-11,Laptop,West,1,350.26,Electronics,350.26
2024-10-23,Headphones,West,7,153.18,Accessories,1072.26
2023-11-05,Monitor,East,6,150.06,Electronics,900.36
2023-12-10,Tablet,East,2,1414.14,Electronics,2828.28
2024-05-06,Laptop,West,8,785.03,Electronics,6280.24
2024-02-18,Monitor,East,4,643.65,Electronics,2574.6
2024-01-21,Headphones,South,8,1225.77,Accessories,9806.16
2023-07-11,Tablet,South,7,1261.95,Electronics,8833.65
2023-10-04,Monitor,South,5,531.68,Electronics,2658.3999999999996
2023-06-10,Monitor,West,8,1055.75,Electronics,8446.0
2024-04-04,Monitor,East,9,1168.13,Electronics,10513.170000000002
2023-11-10,Tablet,East,5,999.24,Electronics,4996.2
2023-01-22,Tablet,North,5,269.81,Electronics,1349.05
2023-09-10,Phone,North,2,1320.03,Electronics,2640.06
2024-07-14,Headphones,East,5,831.69,Accessories,4158.450000000001
2024-04-19,Laptop,East,3,459.59,Electronics,1378.77
2023-02-28,Monitor,East,7,666.58,Electronics,4666.06
2024-05-25,Phone,West,5,104.48,Electronics,522.4
2024-11-12,Laptop,East,8,235.41,Electronics,1883.28
2024-04-20,Phone,North,1,1160.04,Electronics,1160.04
2024-11-30,Tablet,West,3,50.02,Electronics,150.06
2023-07-09,Monitor,East,3,654.02,Electronics,1962.06
2024-11-17,Laptop,North,9,807.64,Electronics,7268.76
2024-07-16,Laptop,West,5,129.22,Electronics,646.1
2024-07-20,Laptop,East,9,1460.96,Electronics,13148.64
2023-09-01,Laptop,East,9,377.88,Electronics,3400.92
2024-05-19,Laptop,East,1,491.09,Electronics,491.09
2023-05-11,Phone,West,2,490.72,Electronics,981.44
2024-04-29,Monitor,North,5,384.1,Electronics,1920.5
2024-10-08,Tablet,North,4,52.14,Electronics,208.56
2023-01-21,Tablet,South,9,1107.55,Electronics,9967.949999999999
2023-06-16,Tablet,East,7,1451.93,Electronics,10163.51
2023-10-01,Tablet,South,6,375.23,Electronics,2251.38
2024-01-23,Phone,South,7,1011.42,Electronics,7079.94
2024-08-23,Headphones,North,1,1125.75,Accessories,1125.75
2023-11-12,Monitor,West,1,1280.22,Electronics,1280.22
2023-01-14,Laptop,West,8,662.81,Electronics,5302.48
2023-08-30,Headphones,North,2,489.25,Accessories,978.5
2023-12-12,Tablet,West,9,521.68,Electronics,4695.12
2024-07-18,Headphones,South,7,1083.3,Accessories,7583.099999999999
2023-12-06,Monitor,East,6,1234.33,Electronics,7405.98
2023-04-02,Laptop,North,1,313.34,Electronics,313.34
2024-01-02,Laptop,East,1,587.86,Electronics,587.86
2024-03-30,Monitor,West,2,1357.81,Electronics,2715.62
2024-03-03,Monitor,East,6,1219.71,Electronics,7318.26
2024-05-23,Tablet,West,6,1478.04,Electronics,8868.24
2023-02-04,Laptop,West,2,1143.66,Electronics,2287.32
2023-07-25,Headphones,South,1,620.13,Accessories,620.13
2023-03-22,Phone,West,5,906.42,Electronics,4532.099999999999
2024-07-15,Phone,South,5,1008.47,Electronics,5042.35
2024-01-23,Monitor,South,2,163.76,Electronics,327.52
2023-01-02,Tablet,South,6,839.52,Electronics,5037.12
2024-01-25,Phone,North,9,1078.52,Electronics,9706.68
2024-07-19,Laptop,North,2,292.62,Electronics,585.24
2023-04-16,Monitor,West,2,1181.92,Electronics,2363.84
2024-04-21,Headphones,South,3,896.47,Accessories,2689.41
2024-12-03,Monitor,North,7,1430.72,Electronics,10015.04
2024-02-06,Headphones,South,6,111.51,Accessories,669.0600000000001
2024-12-30,Monitor,East,8,434.72,Electronics,3477.76
2024-07-09,Monitor,East,8,922.25,Electronics,7378.0
2023-06-11,Monitor,East,6,480.01,Electronics,2880.06
2023-07-21,Headphones,West,3,1085.92,Accessories,3257.76
2023-09-27,Headphones,South,3,1150.56,Accessories,3451.68
2023-09-28,Monitor,East,1,198.65,Electronics,198.65
2024-03-31,Phone,North,7,795.09,Electronics,5565.63
2024-04-06,Tablet,East,5,787.89,Electronics,3939.45
2024-12-27,Tablet,East,4,585.46,Electronics,2341.84
2023-09-09,Tablet,East,4,1402.74,Electronics,5610.96
2024-12-02,Headphones,West,4,1249.88,Accessories,4999.52
2023-10-23,Headphones,North,6,1060.95,Accessories,6365.700000000001
2024-12-25,Phone,South,8,1085.77,Electronics,8686.16
2024-12-20,Tablet,North,8,719.49,Electronics,5755.92
2023-12-04,Tablet,South,5,1385.44,Electronics,6927.200000000001
2023-02-22,Monitor,West,6,1057.16,Electronics,6342.960000000001
2023-08-05,Headphones,West,4,1107.02,Accessories,4428.08
2023-07-07,Tablet,West,9,1299.45,Electronics,11695.050000000001
2024-01-15,Phone,West,8,447.4,Electronics,3579.2
2024-05-07,Phone,South,1,1220.25,Electronics,1220.25
2023-02-10,Tablet,East,2,333.1,Electronics,666.2
2023-06-06,Headphones,South,9,550.75,Accessories,4956.75
2023-01-15,Phone,North,8,536.64,Electronics,4293.12
2023-03-06,Monitor,West,3,1468.86,Electronics,4406.58
2024-06-04,Phone,West,8,1291.98,Electronics,10335.84
2023-12-10,Laptop,North,1,1066.7,Electronics,1066.7
2023-05-09,Laptop,South,4,1104.23,Electronics,4416.92
2024-10-09,Headphones,East,3,865.01,Accessories,2595.0299999999997
2024-04-16,Tablet,East,6,1423.28,Electronics,8539.68
2023-03-04,Headphones,North,7,769.58,Accessories,5387.06
2023-05-19,Headphones,East,4,601.75,Accessories,2407.0
2024-05-13,Headphones,South,7,286.4,Accessories,2004.7999999999997
2024-08-15,Headphones,South,9,1190.0,Accessories,10710.0
2024-01-27,Monitor,North,2,1114.94,Electronics,2229.88
2024-11-05,Monitor,South,3,607.31,Electronics,1821.9299999999998
2024-02-23,Phone,West,5,86.53,Electronics,432.65
2023-10-16,Laptop,North,3,1266.55,Electronics,3799.6499999999996
2024-01-14,Headphones,South,8,66.56,Accessories,532.48
2024-05-04,Phone,North,8,1070.36,Electronics,8562.88
2023-08-19,Laptop,East,8,1456.87,Electronics,11654.96
2023-02-10,Tablet,South,9,684.61,Electronics,6161.49
2023-01-28,Monitor,West,4,390.71,Electronics,1562.84
2023-05-15,Laptop,South,5,1072.06,Electronics,5360.299999999999
2023-07-20,Tablet,North,5,1234.84,Electronics,6174.2
2023-02-02,Laptop,North,8,842.32,Electronics,6738.56
2023-02-17,Monitor,South,7,1452.2,Electronics,10165.4
2024-05-17,Monitor,West,9,124.92,Electronics,1124.28
2024-02-11,Phone,West,8,781.95,Electronics,6255.6
2024-07-27,Headphones,West,2,1091.76,Accessories,2183.52
2024-12-28,Laptop,North,4,1300.83,Electronics,5203.32
2023-04-09,Laptop,South,6,309.92,Electronics,1859.52
2024-11-14,Tablet,East,2,1210.01,Electronics,2420.02
2024-12-26,Monitor,North,7,851.43,Electronics,5960.009999999999
2024-06-30,Laptop,West,3,625.0,Electronics,1875.0
2024-09-04,Monitor,South,3,240.99,Electronics,722.97
2024-04-06,Laptop,West,2,1304.68,Electronics,2609.36
2024-10-04,Phone,East,8,278.05,Electronics,2224.4
2023-01-05,Headphones,West,6,499.19,Accessories,2995.14
2023-08-06,Laptop,West,1,470.57,Electronics,470.57
2024-05-17,Monitor,East,1,1313.55,Electronics,1313.55
2024-02-02,Phone,South,7,1025.42,Electronics,7177.9400000000005
2024-01-28,Laptop,North,8,1205.19,Electronics,9641.52
2023-07-26,Tablet,South,5,413.18,Electronics,2065.9
2023-01-15,Headphones,East,5,956.07,Accessories,4780.35
2024-07-07,Laptop,West,4,879.03,Electronics,3516.12
2024-04-05,Phone,South,6,1257.6,Electronics,7545.599999999999
2024-11-21,Tablet,North,6,1363.83,Electronics,8182.98
2024-07-28,Phone,East,3,67.63,Electronics,202.89
2023-08-29,Phone,South,9,1027.33,Electronics,9245.97
2024-07-17,Tablet,North,7,125.16,Electronics,876.12
2023-04-06,Phone,East,1,845.85,Electronics,845.85
2024-04-29,Tablet,North,7,467.07,Electronics,3269.49
2024-02-11,Laptop,East,5,494.83,Electronics,2474.15
2023-08-19,Tablet,West,5,561.79,Electronics,2808.95
2024-10-16,Tablet,South,2,950.87,Electronics,1901.74
2023-06-20,Headphones,North,4,534.37,Accessories,2137.48
2024-06-24,Tablet,East,6,1112.41,Electronics,6674.460000000001
2023-02-05,Tablet,North,7,636.56,Electronics,4455.92
2024-06-08,Laptop,North,5,149.11,Electronics,745.5500000000001
2023-06-09,Headphones,South,9,1186.45,Accessories,10678.050000000001
2024-11-29,Monitor,West,3,464.35,Electronics,1393.0500000000002
2023-08-31,Laptop,North,1,677.51,Electronics,677.51
2023-03-27,Laptop,East,4,1043.89,Electronics,4175.56
2024-07-31,Monitor,East,9,532.06,Electronics,4788.539999999999
2024-11-12,Tablet,West,4,132.05,Electronics,528.2
2024-07-10,Phone,East,2,592.19,Electronics,1184.38
2024-07-27,Headphones,West,5,1419.45,Accessories,7097.25
2024-10-07,Phone,East,3,980.51,Electronics,2941.5299999999997
2023-01-28,Monitor,South,9,1023.64,Electronics,9212.76
2024-09-11,Laptop,North,4,966.81,Electronics,3867.24
2024-07-09,Laptop,South,6,338.54,Electronics,2031.2400000000002
2023-12-06,Headphones,North,2,656.58,Accessories,1313.16
2023-11-27,Laptop,North,6,1138.86,Electronics,6833.16
2024-10-01,Laptop,North,3,196.99,Electronics,590.97
2024-05-20,Headphones,South,9,452.89,Accessories,4076.0099999999998
2023-12-14,Headphones,North,2,450.66,Accessories,901.32
2024-04-17,Monitor,South,9,676.43,Electronics,6087.87
2023-08-19,Laptop,West,5,1471.53,Electronics,7357.65
2023-07-09,Laptop,East,8,147.88,Electronics,1183.04
2023-08-13,Monitor,East,2,802.12,Electronics,1604.24
2024-01-20,Tablet,North,6,310.08,Electronics,1860.48
2024-01-12,Tablet,South,3,1457.48,Electronics,4372.4400000000005
2023-10-10,Tablet,East,5,214.29,Electronics,1071.45
2024-09-24,Monitor,South,8,635.22,Electronics,5081.76
2024-09-19,Laptop,South,1,1119.93,Electronics,1119.93
2023-09-16,Monitor,North,5,1071.6,Electronics,5358.0
2023-12-25,Monitor,East,3,662.96,Electronics,1988.88
2024-12-10,Tablet,North,4,552.46,Electronics,2209.84
2024-03-31,Phone,North,2,626.54,Electronics,1253.08
2024-02-15,Laptop,East,9,433.2,Electronics,3898.7999999999997
2024-10-10,Tablet,East,3,347.73,Electronics,1043.19
2023-11-14,Phone,West,2,750.41,Electronics,1500.82
2024-11-07,Phone,West,9,439.37,Electronics,3954.33
2023-08-13,Headphones,South,7,466.82,Accessories,3267.74
2023-08-22,Laptop,East,6,1002.3,Electronics,6013.799999999999
2024-11-14,Phone,West,1,1454.38,Electronics,1454.38
2024-10-25,Tablet,South,5,925.27,Electronics,4626.35
2024-01-09,Headphones,South,3,161.62,Accessories,484.86
2024-11-02,Laptop,South,1,159.6,Electronics,159.6
2024-08-30,Monitor,West,4,1429.56,Electronics,5718.24
2024-04-16,Tablet,East,2,481.07,Electronics,962.14
2023-08-21,Phone,North,2,183.5,Electronics,367.0
2024-11-22,Phone,South,3,918.61,Electronics,2755.83
2023-04-23,Tablet,West,8,954.29,Electronics,7634.32
2024-05-11,Phone,West,8,990.33,Electronics,7922.64
2024-03-17,Headphones,North,7,437.73,Accessories,3064.11
2024-07-17,Laptop,North,6,71.91,Electronics,431.46
2023-09-25,Headphones,West,9,1449.27,Accessories,13043.43
2024-05-24,Phone,East,4,413.79,Electronics,1655.16
2024-01-21,Monitor,North,1,1030.24,Electronics,1030.24
2024-01-22,Laptop,West,8,1074.61,Electronics,8596.88
2023-04-23,Laptop,North,7,934.51,Electronics,6541.57
2024-09-04,Tablet,East,7,503.72,Electronics,3526.04
2024-09-16,Tablet,South,3,443.09,Electronics,1329.27
2023-03-22,Monitor,North,4,916.62,Electronics,3666.48
2024-11-29,Laptop,East,9,1305.84,Electronics,11752.56
2023-04-23,Monitor,West,6,1422.76,Electronics,8536.56
2023-01-02,Tablet,North,5,203.56,Electronics,1017.8
2024-10-03,Tablet,North,3,274.5,Electronics,823.5
2023-08-08,Laptop,West,9,1419.87,Electronics,12778.829999999998
2024-07-19,Headphones,South,5,1117.98,Accessories,5589.9
2023-08-13,Phone,West,5,1330.34,Electronics,6651.7
2024-01-20,Tablet,North,4,343.82,Electronics,1375.28
2024-02-07,Tablet,West,4,902.0,Electronics,3608.0
2024-09-29,Headphones,East,1,1066.65,Accessories,1066.65
2023-05-10,Headphones,West,7,1036.16,Accessories,7253.120000000001
2023-02-22,Monitor,North,9,641.82,Electronics,5776.38
2024-11-14,Monitor,West,3,72.32,Electronics,216.95999999999998
2024-12-30,Phone,South,2,895.24,Electronics,1790.48
2024-11-02,Phone,West,3,417.0,Electronics,1251.0
2024-12-10,Laptop,South,1,702.87,Electronics,702.87
2024-02-20,Monitor,East,6,1438.49,Electronics,8630.94
2023-09-04,Tablet,South,7,628.6,Electronics,4400.2
2024-03-14,Monitor,West,2,1267.71,Electronics,2535.42
2023-07-22,Tablet,North,8,323.38,Electronics,2587.04
2023-07-03,Headphones,South,6,1025.07,Accessories,6150.42
2023-05-03,Monitor,East,4,1466.66,Electronics,5866.64
2024-02-05,Headphones,South,5,197.74,Accessories,988.7
2023-10-21,Phone,South,8,62.06,Electronics,496.48
2023-10-07,Phone,South,3,678.7,Electronics,2036.1000000000001
2024-09-01,Laptop,East,3,184.31,Electronics,552.9300000000001
2023-07-17,Monitor,West,4,1135.16,Electronics,4540.64
2024-05-25,Headphones,South,1,1376.1,Accessories,1376.1
2023-05-24,Tablet,South,9,679.33,Electronics,6113.97
2024-08-31,Phone,North,8,425.13,Electronics,3401.04
2023-07-20,Phone,East,8,679.88,Electronics,5439.04
2023-05-04,Tablet,South,6,1099.0,Electronics,6594.0
2023-07-06,Headphones,East,7,63.13,Accessories,441.91
2023-11-22,Headphones,South,6,904.71,Accessories,5428.26
2024-04-08,Monitor,West,9,939.27,Electronics,8453.43
2023-12-15,Monitor,West,3,974.65,Electronics,2923.95
2024-10-21,Laptop,South,3,400.93,Electronics,1202.79
2024-02-07,Phone,West,3,1085.38,Electronics,3256.1400000000003
2023-12-12,Monitor,South,3,182.52,Electronics,547.5600000000001
2024-05-25,Headphones,West,9,338.94,Accessories,3050.46
2023-05-27,Tablet,North,4,1322.33,Electronics,5289.32
2023-05-28,Headphones,North,7,1121.15,Accessories,7848.050000000001
2024-12-11,Phone,North,9,69.93,Electronics,629.3700000000001
2024-05-03,Headphones,East,7,410.15,Accessories,2871.0499999999997
2024-10-01,Laptop,East,9,360.89,Electronics,3248.0099999999998
2024-07-04,Phone,North,3,442.67,Electronics,1328.01
2023-12-04,Tablet,East,4,408.96,Electronics,1635.84
2024-10-02,Laptop,West,8,140.66,Electronics,1125.28
2024-04-17,Phone,South,6,715.46,Electronics,4292.76
2023-05-31,Tablet,South,5,1112.46,Electronics,5562.3
2024-02-19,Laptop,South,4,929.76,Electronics,3719.04
2023-10-25,Laptop,North,8,1025.66,Electronics,8205.28
2024-09-02,Phone,East,1,167.67,Electronics,167.67
2023-09-20,Monitor,West,9,1429.66,Electronics,12866.94
2023-05-24,Laptop,West,1,1265.81,Electronics,1265.81
2023-12-12,Laptop,North,8,1217.38,Electronics,9739.04
2024-09-15,Tablet,West,4,1243.33,Electronics,4973.32
2024-07-25,Headphones,West,9,1402.43,Accessories,12621.87
2023-01-02,Phone,West,5,839.17,Electronics,4195.849999999999
2023-10-31,Phone,West,3,340.41,Electronics,1021.23
2023-09-11,Monitor,East,9,944.34,Electronics,8499.06
2024-10-13,Monitor,West,9,1127.18,Electronics,10144.62
2024-03-28,Phone,South,4,1119.98,Electronics,4479.92
2023-02-06,Monitor,North,4,806.1,Electronics,3224.4
2023-06-09,Tablet,East,8,149.27,Electronics,1194.16
2023-01-09,Phone,West,2,588.11,Electronics,1176.22
2023-08-21,Monitor,East,9,1385.11,Electronics,12465.99
2023-04-09,Phone,West,6,897.45,Electronics,5384.700000000001
2024-10-20,Headphones,South,9,830.58,Accessories,7475.22
2023-07-27,Laptop,North,8,439.84,Electronics,3518.72
2023-05-11,Phone,West,7,584.25,Electronics,4089.75
2024-02-08,Laptop,West,1,1348.25,Electronics,1348.25
2023-06-01,Monitor,West,3,1016.37,Electronics,3049.11
2023-02-23,Laptop,West,2,1191.71,Electronics,2383.42
2023-04-30,Phone,North,5,708.8,Electronics,3544.0
2024-11-03,Headphones,North,5,963.86,Accessories,4819.3
2024-09-19,Monitor,South,5,410.16,Electronics,2050.8
2024-08-09,Phone,North,4,1072.92,Electronics,4291.68
2024-09-16,Monitor,West,5,670.02,Electronics,3350.1
2024-02-24,Tablet,South,3,691.69,Electronics,2075.07
2024-02-26,Laptop,South,1,991.52,Electronics,991.52
2023-04-14,Tablet,South,5,1407.61,Electronics,7038.049999999999
2023-09-11,Phone,West,9,142.81,Electronics,1285.29
2023-08-15,Headphones,East,9,1245.88,Accessories,11212.920000000002
2023-04-22,Monitor,West,4,473.96,Electronics,1895.84
2024-05-24,Laptop,North,3,693.68,Electronics,2081.04
2024-04-17,Monitor,North,1,81.77,Electronics,81.77
2023-04-09,Phone,West,2,486.52,Electronics,973.04
2023-06-02,Monitor,West,8,778.82,Electronics,6230.56
2023-12-04,Laptop,South,1,131.46,Electronics,131.46
2024-12-06,Phone,West,8,762.09,Electronics,6096.72
2023-06-12,Monitor,South,7,1394.31,Electronics,9760.17
2024-12-20,Headphones,North,8,202.82,Accessories,1622.56
2024-11-11,Phone,South,6,1158.44,Electronics,6950.64
2023-06-10,Phone,West,9,644.02,Electronics,5796.18
2024-08-02,Headphones,North,3,1000.0,Accessories,3000.0
2024-02-02,Tablet,East,4,427.34,Electronics,1709.36
2023-10-04,Laptop,South,6,281.26,Electronics,1687.56
2024-05-18,Tablet,North,8,282.67,Electronics,2261.36
2024-01-27,Monitor,South,5,152.21,Electronics,761.0500000000001
2023-05-15,Headphones,North,3,319.19,Accessories,957.5699999999999
2023-07-14,Tablet,North,6,1013.12,Electronics,6078.72
2024-02-05,Phone,South,4,1328.45,Electronics,5313.8
2024-10-01,Monitor,East,9,1230.48,Electronics,11074.32
2023-02-02,Monitor,North,3,1043.44,Electronics,3130.32
2024-11-18,Tablet,North,4,210.13,Electronics,840.52
2024-04-04,Tablet,North,7,469.32,Electronics,3285.24
2024-04-14,Headphones,East,7,499.22,Accessories,3494.54
2024-01-10,Laptop,East,4,412.44,Electronics,1649.76
2023-01-22,Tablet,West,6,796.76,Electronics,4780.5599999999995
2024-10-31,Tablet,South,3,826.55,Electronics,2479.6499999999996
2023-02-07,Phone,East,6,567.48,Electronics,3404.88
2023-08-18,Monitor,South,2,562.99,Electronics,1125.98
2023-12-31,Laptop,West,8,1251.41,Electronics,10011.28
2024-07-16,Phone,South,2,1194.47,Electronics,2388.94
2024-03-13,Headphones,East,7,496.3,Accessories,3474.1
2023-10-10,Headphones,South,9,1374.99,Accessories,12374.91
2023-01-27,Tablet,East,1,1431.58,Electronics,1431.58
2023-08-14,Tablet,South,8,523.78,Electronics,4190.24
2023-10-04,Headphones,East,7,563.92,Accessories,3947.4399999999996
2024-08-31,Tablet,East,6,783.17,Electronics,4699.0199999999995
2023-10-11,Laptop,South,6,1414.63,Electronics,8487.78
2024-04-25,Tablet,West,6,1320.66,Electronics,7923.960000000001
2024-03-28,Monitor,North,9,198.72,Electronics,1788.48
2024-10-20,Tablet,West,2,619.46,Electronics,1238.92
2024-05-30,Phone,South,1,852.39,Electronics,852.39
2024-06-30,Laptop,West,6,779.54,Electronics,4677.24
2023-07-11,Phone,East,8,331.1,Electronics,2648.8
2023-02-18,Phone,North,3,1295.28,Electronics,3885.84
2024-05-26,Monitor,South,1,1031.56,Electronics,1031.56
2023-01-17,Laptop,South,9,1264.97,Electronics,11384.73
2023-06-21,Laptop,South,1,1295.21,Electronics,1295.21
2023-08-08,Laptop,North,3,1135.12,Electronics,3405.3599999999997
2023-06-07,Laptop,East,8,686.86,Electronics,5494.88
2024-04-21,Laptop,South,3,935.29,Electronics,2805.87
2023-02-15,Monitor,West,4,282.53,Electronics,1130.12
2024-01-08,Tablet,South,8,1026.79,Electronics,8214.32
2024-06-01,Phone,South,1,309.92,Electronics,309.92
2023-04-09,Laptop,South,6,1056.23,Electronics,6337.38
2023-02-06,Tablet,South,1,382.92,Electronics,382.92
2023-10-07,Tablet,East,1,220.45,Electronics,220.45
2023-12-15,Phone,West,8,289.66,Electronics,2317.28
2024-05-11,Monitor,East,4,52.89,Electronics,211.56
2023-10-29,Headphones,West,1,1092.17,Accessories,1092.17
2023-06-30,Headphones,South,7,1111.98,Accessories,7783.860000000001
2024-08-29,Tablet,North,5,796.65,Electronics,3983.25
2023-04-09,Phone,East,5,283.98,Electronics,1419.9
2024-11-30,Headphones,North,1,171.15,Accessories,171.15
2023-04-26,Tablet,East,6,77.74,Electronics,466.43999999999994
2023-07-10,Monitor,South,9,290.33,Electronics,2612.97
2023-09-10,Headphones,East,9,1341.74,Accessories,12075.66
2023-06-10,Tablet,South,8,400.23,Electronics,3201.84
2023-09-13,Tablet,East,5,563.69,Electronics,2818.4500000000003
2023-11-19,Laptop,South,1,202.75,Electronics,202.75
2023-05-08,Monitor,South,9,372.42,Electronics,3351.78
2023-01-18,Laptop,West,1,802.88,Electronics,802.88
2024-07-19,Phone,South,8,931.24,Electronics,7449.92
2024-07-23,Laptop,West,5,405.76,Electronics,2028.8
2023-11-19,Laptop,South,3,133.71,Electronics,401.13
2024-11-16,Headphones,North,7,617.0,Accessories,4319.0
2024-09-17,Tablet,South,7,389.59,Electronics,2727.1299999999997
2023-10-15,Monitor,North,9,368.35,Electronics,3315.15
2024-10-24,Laptop,North,7,1441.8,Electronics,10092.6
2024-09-30,Monitor,South,3,943.64,Electronics,2830.92
2023-06-04,Laptop,North,1,857.47,Electronics,857.47
2024-05-04,Phone,West,8,652.87,Electronics,5222.96
2024-01-21,Laptop,East,3,671.97,Electronics,2015.91
2023-04-14,Headphones,South,8,834.31,Accessories,6674.48
2024-01-28,Tablet,North,8,1059.82,Electronics,8478.56
2023-09-03,Phone,South,5,1068.11,Electronics,5340.549999999999
2023-06-25,Laptop,West,1,298.96,Electronics,298.96
2023-02-08,Monitor,South,7,775.16,Electronics,5426.12
2024-04-21,Phone,South,5,647.34,Electronics,3236.7000000000003
2024-11-12,Phone,North,8,1312.26,Electronics,10498.08
2024-06-21,Laptop,West,9,965.56,Electronics,8690.039999999999
2024-02-12,Phone,East,7,822.13,Electronics,5754.91
2024-06-08,Monitor,East,7,217.32,Electronics,1521.24
2024-05-20,Phone,North,1,928.17,Electronics,928.17
2023-02-05,Monitor,South,4,219.95,Electronics,879.8
2024-11-15,Laptop,North,2,538.95,Electronics,1077.9
2023-01-20,Tablet,North,2,257.12,Electronics,514.24
2023-11-17,Phone,North,2,1053.51,Electronics,2107.02
2024-05-26,Tablet,South,4,349.07,Electronics,1396.28
2024-02-04,Monitor,West,1,618.2,Electronics,618.2
2024-10-15,Phone,North,4,1348.73,Electronics,5394.92
2024-04-15,Headphones,South,2,346.26,Accessories,692.52
2023-05-23,Tablet,West,5,786.32,Electronics,3931.6000000000004
2023-04-02,Phone,North,3,657.94,Electronics,1973.8200000000002
2023-12-20,Tablet,East,8,76.28,Electronics,610.24
2024-12-27,Phone,West,4,1199.5,Electronics,4798.0
2023-02-20,Laptop,North,1,150.12,Electronics,150.12
2024-10-26,Tablet,West,1,737.67,Electronics,737.67
2024-11-28,Headphones,West,3,862.98,Accessories,2588.94
2024-07-28,Headphones,West,9,961.22,Accessories,8650.98
2023-07-09,Monitor,West,7,1048.52,Electronics,7339.639999999999
2023-05-05,Phone,West,2,417.24,Electronics,834.48
2023-05-30,Tablet,West,9,64.47,Electronics,580.23
2023-11-10,Monitor,North,2,1098.99,Electronics,2197.98
2024-07-23,Tablet,East,3,826.7,Electronics,2480.1000000000004
2023-12-08,Phone,South,2,1262.37,Electronics,2524.74
2023-11-01,Headphones,West,3,1241.01,Accessories,3723.0299999999997
2024-11-22,Laptop,South,6,1272.82,Electronics,7636.92
2024-11-12,Headphones,North,9,753.39,Accessories,6780.51
2023-02-23,Monitor,West,9,533.76,Electronics,4803.84
2024-03-19,Laptop,East,7,1197.76,Electronics,8384.32
2024-09-04,Monitor,South,3,704.38,Electronics,2113.14
2023-09-21,Phone,West,4,315.99,Electronics,1263.96
2023-02-22,Laptop,North,6,1289.71,Electronics,7738.26
2024-07-25,Monitor,East,5,1329.71,Electronics,6648.55
2024-09-11,Phone,South,2,726.15,Electronics,1452.3
2023-01-05,Headphones,South,6,159.76,Accessories,958.56
2023-04-13,Phone,West,3,612.35,Electronics,1837.0500000000002
2023-07-15,Tablet,East,8,1215.13,Electronics,9721.04
2023-12-16,Phone,East,2,1357.57,Electronics,2715.14
2023-02-16,Phone,East,1,345.04,Electronics,345.04
2024-10-17,Tablet,East,9,147.11,Electronics,1323.9900000000002
2023-09-26,Monitor,North,3,1322.16,Electronics,3966.4800000000005
2024-01-05,Monitor,East,1,614.64,Electronics,614.64
2024-09-27,Phone,South,7,835.55,Electronics,5848.849999999999
2023-04-16,Tablet,South,5,1453.7,Electronics,7268.5
2024-10-31,Tablet,North,5,146.52,Electronics,732.6
2024-10-20,Headphones,South,1,990.06,Accessories,990.06
2024-10-18,Monitor,South,9,157.45,Electronics,1417.05
2023-04-30,Laptop,East,7,594.43,Electronics,4161.009999999999
2024-08-26,Monitor,South,8,1215.53,Electronics,9724.24
2023-02-27,Monitor,North,9,678.53,Electronics,6106.7699999999995
2023-12-12,Headphones,East,6,1495.91,Accessories,8975.460000000001
2024-04-18,Laptop,West,5,860.64,Electronics,4303.2
2023-04-27,Headphones,East,6,515.69,Accessories,3094.1400000000003
2023-05-07,Laptop,North,2,369.16,Electronics,738.32
2024-01-28,Phone,East,4,558.25,Electronics,2233.0
2024-10-02,Laptop,East,3,590.17,Electronics,1770.5099999999998
2023-02-27,Headphones,North,7,149.63,Accessories,1047.4099999999999
2024-09-25,Monitor,East,9,585.88,Electronics,5272.92
2024-05-27,Laptop,North,5,723.15,Electronics,3615.75
2023-04-06,Laptop,North,6,1097.97,Electronics,6587.82
2024-09-29,Tablet,West,2,1002.26,Electronics,2004.52
2023-04-28,Monitor,South,3,1077.71,Electronics,3233.13
2024-07-13,Phone,South,3,62.13,Electronics,186.39000000000001
2024-08-23,Headphones,East,9,365.62,Accessories,3290.58
2024-05-02,Phone,East,7,1009.44,Electronics,7066.08
2023-08-25,Monitor,West,8,751.78,Electronics,6014.24
2023-09-29,Laptop,West,9,57.7,Electronics,519.3000000000001
2023-07-08,Laptop,West,6,1216.52,Electronics,7299.12
2024-12-04,Monitor,North,4,1170.57,Electronics,4682.28
2024-03-22,Laptop,West,1,845.21,Electronics,845.21
2024-08-03,Laptop,West,8,146.37,Electronics,1170.96
2023-09-04,Laptop,East,7,1161.45,Electronics,8130.150000000001
2023-03-17,Headphones,West,2,896.38,Accessories,1792.76
2023-06-03,Headphones,North,8,1183.84,Accessories,9470.72
2024-10-17,Tablet,North,5,1140.03,Electronics,5700.15
2024-03-10,Phone,East,7,1214.35,Electronics,8500.449999999999
2023-03-27,Monitor,West,4,801.11,Electronics,3204.44
2024-11-27,Monitor,West,5,253.47,Electronics,1267.35
2023-10-12,Monitor,North,8,1023.18,Electronics,8185.44
2023-08-08,Tablet,West,1,949.69,Electronics,949.69
2023-03-10,Headphones,West,1,1126.27,Accessories,1126.27
2023-02-16,Tablet,West,4,296.33,Electronics,1185.32
2023-04-04,Monitor,South,3,332.71,Electronics,998.1299999999999
2024-03-28,Phone,East,2,1341.09,Electronics,2682.18
2023-07-23,Laptop,South,3,1137.47,Electronics,3412.41
2023-08-06,Headphones,East,1,1366.93,Accessories,1366.93
2024-04-18,Headphones,North,1,1150.14,Accessories,1150.14
2024-03-07,Tablet,West,6,915.88,Electronics,5495.28
2023-12-07,Headphones,East,5,998.49,Accessories,4992.45
2024-07-04,Monitor,South,8,1339.24,Electronics,10713.92
2024-09-03,Monitor,West,2,889.27,Electronics,1778.54
2023-10-16,Tablet,North,4,966.97,Electronics,3867.88
2023-09-11,Monitor,East,8,276.89,Electronics,2215.12
2023-12-23,Phone,East,6,737.19,Electronics,4423.14
2023-01-23,Tablet,East,1,1088.78,Electronics,1088.78
2024-06-05,Phone,West,4,442.87,Electronics,1771.48
2023-04-10,Laptop,South,1,343.27,Electronics,343.27
2023-06-29,Phone,South,2,505.05,Electronics,1010.1
2023-08-11,Laptop,East,5,400.18,Electronics,2000.9
2024-10-20,Laptop,North,8,361.62,Electronics,2892.96
2024-03-17,Phone,North,8,666.03,Electronics,5328.24
2024-08-30,Tablet,South,3,1366.37,Electronics,4099.11
2023-11-21,Monitor,North,4,785.24,Electronics,3140.96
2024-05-30,Monitor,South,6,322.48,Electronics,1934.88
2023-01-16,Laptop,East,3,161.61,Electronics,484.83000000000004
2023-12-02,Laptop,South,2,1059.43,Electronics,2118.86
2023-09-15,Tablet,South,6,605.06,Electronics,3630.3599999999997
2024-05-11,Headphones,East,5,1241.65,Accessories,6208.25
2023-06-09,Phone,North,5,1006.29,Electronics,5031.45
2024-04-19,Laptop,South,5,1204.55,Electronics,6022.75
2024-10-25,Monitor,South,5,444.32,Electronics,2221.6
2024-11-20,Tablet,East,3,1053.92,Electronics,3161.76
2024-11-05,Phone,North,7,432.89,Electronics,3030.23
2024-01-15,Tablet,South,6,1411.65,Electronics,8469.900000000001
2024-06-28,Phone,East,4,972.74,Electronics,3890.96
2024-11-21,Phone,South,2,520.54,Electronics,1041.08
2024-03-02,Laptop,West,9,440.79,Electronics,3967.11
2024-09-04,Tablet,East,1,326.84,Electronics,326.84
2023-09-25,Tablet,North,4,1057.23,Electronics,4228.92
2024-07-30,Monitor,North,1,367.14,Electronics,367.14
2024-02-21,Monitor,North,6,913.19,Electronics,5479.14
2023-06-17,Laptop,North,4,433.72,Electronics,1734.88
2023-02-12,Laptop,South,5,1009.85,Electronics,5049.25
2024-07-09,Headphones,South,5,1231.66,Accessories,6158.3
2023-10-12,Monitor,North,9,1178.14,Electronics,10603.26
2024-02-01,Phone,North,1,1153.23,Electronics,1153.23
2023-01-12,Tablet,North,2,322.2,Electronics,644.4
2024-08-29,Laptop,South,6,178.16,Electronics,1068.96
2023-10-29,Tablet,North,5,1063.48,Electronics,5317.4
2023-09-10,Tablet,North,7,584.1,Electronics,4088.7000000000003
2024-05-13,Headphones,West,3,676.9,Accessories,2030.6999999999998
2023-02-04,Monitor,West,3,95.17,Electronics,285.51
2024-12-27,Laptop,North,2,426.39,Electronics,852.78
2023-03-31,Tablet,East,3,98.83,Electronics,296.49
2024-08-27,Laptop,North,1,1324.82,Electronics,1324.82
2024-08-24,Phone,West,5,402.93,Electronics,2014.65
2024-02-22,Headphones,East,5,858.14,Accessories,4290.7
2023-04-25,Phone,East,7,106.52,Electronics,745.64
2024-09-08,Laptop,North,4,1016.93,Electronics,4067.72
2023-07-15,Laptop,West,3,518.39,Electronics,1555.17
2024-05-15,Monitor,West,1,1351.98,Electronics,1351.98
2024-09-17,Tablet,East,8,1337.77,Electronics,10702.16
2024-05-07,Tablet,North,3,521.67,Electronics,1565.0099999999998
2023-03-16,Phone,South,2,1356.39,Electronics,2712.78
2024-02-17,Headphones,South,4,1494.43,Accessories,5977.72
2024-01-11,Tablet,West,3,1246.85,Electronics,3740.5499999999997
2024-02-24,Monitor,South,1,1275.06,Electronics,1275.06
2024-12-29,Phone,West,3,411.06,Electronics,1233.18
2023-10-04,Phone,West,2,886.22,Electronics,1772.44
2024-11-06,Monitor,West,8,147.52,Electronics,1180.16
2024-01-29,Headphones,South,6,187.63,Accessories,1125.78
2024-04-01,Monitor,West,9,1498.39,Electronics,13485.51
2023-07-11,Headphones,East,8,523.63,Accessories,4189.04
2024-11-19,Monitor,North,3,1134.87,Electronics,3404.6099999999997
2023-04-09,Monitor,North,5,1219.66,Electronics,6098.3
2024-07-01,Laptop,West,7,1294.13,Electronics,9058.91
2023-04-06,Phone,North,5,1496.56,Electronics,7482.799999999999
2024-10-25,Monitor,South,8,400.17,Electronics,3201.36
2024-10-24,Monitor,South,5,108.51,Electronics,542.5500000000001
2023-07-09,Tablet,North,1,646.23,Electronics,646.23
2023-02-06,Phone,South,5,238.62,Electronics,1193.1
2024-01-04,Tablet,North,4,82.52,Electronics,330.08
2024-11-25,Phone,North,6,572.62,Electronics,3435.7200000000003
2024-06-08,Tablet,North,3,1186.42,Electronics,3559.26
2023-10-06,Monitor,West,5,870.96,Electronics,4354.8
2023-08-05,Monitor,North,2,503.53,Electronics,1007.06
2023-09-30,Laptop,West,6,998.8,Electronics,5992.799999999999
2023-03-03,Tablet,North,6,386.43,Electronics,2318.58
2024-08-18,Headphones,North,5,70.85,Accessories,354.25
2024-12-29,Laptop,North,6,1158.31,Electronics,6949.86
2023-12-08,Tablet,South,7,954.43,Electronics,6681.009999999999
2024-02-01,Tablet,West,5,1155.34,Electronics,5776.7
2024-11-29,Laptop,West,1,106.46,Electronics,106.46
2023-01-19,Monitor,North,8,1263.82,Electronics,10110.56
2023-06-26,Tablet,North,4,948.31,Electronics,3793.24
2024-09-03,Monitor,South,9,866.92,Electronics,7802.28
2024-01-31,Laptop,South,6,955.69,Electronics,5734.14
2024-03-20,Monitor,South,1,1303.43,Electronics,1303.43
2023-08-21,Phone,West,3,901.06,Electronics,2703.18
2023-03-17,Headphones,West,3,892.38,Accessories,2677.14
2023-09-22,Tablet,West,4,1486.48,Electronics,5945.92
2024-03-30,Headphones,North,6,1147.26,Accessories,6883.5599999999995
2024-12-18,Monitor,West,7,691.33,Electronics,4839.31
2024-01-19,Tablet,East,4,1075.73,Electronics,4302.92
2024-07-17,Monitor,East,6,614.38,Electronics,3686.2799999999997
2024-05-20,Phone,South,1,381.87,Electronics,381.87
2024-01-02,Laptop,West,8,915.44,Electronics,7323.52
2023-05-24,Tablet,East,7,1395.86,Electronics,9771.019999999999
2023-03-10,Phone,South,9,1397.25,Electronics,12575.25
2023-04-09,Phone,West,3,545.76,Electronics,1637.28
2024-01-31,Tablet,North,2,815.13,Electronics,1630.26
2023-01-25,Monitor,East,1,356.87,Electronics,356.87
2024-04-13,Phone,North,3,1493.67,Electronics,4481.01
2024-04-28,Headphones,West,5,1472.62,Accessories,7363.099999999999
2024-07-18,Phone,East,2,991.79,Electronics,1983.58
2023-05-31,Monitor,West,3,1216.4,Electronics,3649.2000000000003
2023-05-24,Monitor,North,4,1086.9,Electronics,4347.6
2024-07-22,Headphones,East,7,910.08,Accessories,6370.56
2023-02-08,Phone,North,3,127.35,Electronics,382.04999999999995
2023-04-19,Monitor,West,9,709.41,Electronics,6384.69
2024-11-23,Tablet,West,8,1028.44,Electronics,8227.52
2023-02-11,Laptop,North,4,1032.42,Electronics,4129.68
2023-07-05,Laptop,East,1,591.03,Electronics,591.03
2024-02-02,Laptop,North,1,1415.45,Electronics,1415.45
2023-08-11,Phone,West,1,292.67,Electronics,292.67
2024-09-25,Headphones,North,1,775.52,Accessories,775.52
2023-05-13,Monitor,West,8,1051.78,Electronics,8414.24
2023-06-12,Tablet,North,3,1060.85,Electronics,3182.5499999999997
2023-08-03,Tablet,East,6,990.53,Electronics,5943.18
2023-08-23,Phone,East,3,449.17,Electronics,1347.51
2024-10-19,Laptop,North,5,276.5,Electronics,1382.5
2024-08-10,Phone,North,7,972.11,Electronics,6804.77
2023-01-09,Headphones,East,2,918.99,Accessories,1837.98
2023-03-15,Headphones,West,6,310.07,Accessories,1860.42
2024-05-06,Monitor,East,6,1072.45,Electronics,6434.700000000001
2023-09-10,Monitor,West,3,710.0,Electronics,2130.0
2023-08-18,Headphones,North,6,1018.25,Accessories,6109.5
2024-06-02,Headphones,North,5,1264.18,Accessories,6320.900000000001
2023-06-23,Headphones,West,2,296.11,Accessories,592.22
2024-10-14,Phone,North,9,77.76,Electronics,699.84
2023-06-17,Headphones,West,8,1179.7,Accessories,9437.6
2023-06-19,Tablet,South,3,934.06,Electronics,2802.18
2024-01-28,Laptop,East,8,1064.48,Electronics,8515.84
2024-09-25,Headphones,South,9,1265.32,Accessories,11387.88
2023-07-13,Laptop,West,3,1214.08,Electronics,3642.24
2024-05-31,Phone,East,3,1443.33,Electronics,4329.99
2023-01-29,Laptop,West,2,827.11,Electronics,1654.22
2023-06-14,Phone,East,8,758.32,Electronics,6066.56
2024-02-26,Tablet,East,1,632.74,Electronics,632.74
2023-12-05,Phone,East,8,272.85,Electronics,2182.8
2024-10-09,Phone,East,7,880.28,Electronics,6161.96
2024-05-10,Monitor,West,7,451.67,Electronics,3161.69
2023-12-31,Headphones,East,3,1385.9,Accessories,4157.700000000001
2023-12-08,Headphones,East,1,895.63,Accessories,895.63
2024-05-14,Tablet,South,4,909.62,Electronics,3638.48
2024-10-18,Tablet,North,9,564.64,Electronics,5081.76
2024-05-25,Headphones,North,5,125.38,Accessories,626.9
2023-11-23,Monitor,South,1,96.03,Electronics,96.03
2023-08-05,Headphones,South,5,663.84,Accessories,3319.2000000000003
2023-10-28,Monitor,West,8,172.62,Electronics,1380.96
2023-05-12,Tablet,West,8,929.93,Electronics,7439.44
2023-03-11,Laptop,West,5,1327.41,Electronics,6637.05
2023-09-09,Tablet,South,9,1330.23,Electronics,11972.07
2024-02-19,Tablet,South,1,1005.62,Electronics,1005.62
2024-03-20,Phone,East,4,356.29,Electronics,1425.16
2023-07-01,Phone,West,3,1301.35,Electronics,3904.0499999999997
2023-06-16,Phone,West,2,1334.84,Electronics,2669.68
2023-04-01,Phone,West,8,335.15,Electronics,2681.2
2024-12-14,Monitor,North,7,1119.27,Electronics,7834.889999999999
2024-06-14,Headphones,East,9,465.45,Accessories,4189.05
2023-02-08,Laptop,West,2,1213.83,Electronics,2427.66
2023-05-06,Tablet,West,4,1495.99,Electronics,5983.96
2024-03-26,Monitor,West,6,93.54,Electronics,561.24
2023-06-22,Laptop,North,3,1351.18,Electronics,4053.54
2024-10-14,Monitor,North,8,952.81,Electronics,7622.48
2023-08-08,Monitor,South,3,1461.4,Electronics,4384.200000000001
2024-09-29,Tablet,East,2,724.26,Electronics,1448.52
2023-02-27,Headphones,South,3,1278.71,Accessories,3836.13
2024-10-21,Phone,East,6,140.47,Electronics,842.8199999999999
2024-04-20,Headphones,North,2,536.15,Accessories,1072.3
2024-03-31,Tablet,West,8,147.17,Electronics,1177.36
2023-12-27,Tablet,South,1,1464.25,Electronics,1464.25
2023-01-01,Tablet,West,7,1234.61,Electronics,8642.269999999999
2024-01-22,Laptop,South,2,1286.19,Electronics,2572.38
2023-12-14,Headphones,North,6,1410.05,Accessories,8460.3
2023-07-09,Headphones,North,2,173.4,Accessories,346.8
2024-05-19,Monitor,North,2,609.12,Electronics,1218.24
2023-07-10,Monitor,South,8,153.0,Electronics,1224.0
2024-05-22,Monitor,East,2,355.65,Electronics,711.3
2024-01-04,Tablet,South,7,382.58,Electronics,2678.06
2024-02-13,Headphones,East,3,730.21,Accessories,2190.63
2023-04-27,Tablet,South,8,439.42,Electronics,3515.36
2023-05-14,Laptop,South,7,196.42,Electronics,1374.9399999999998
2023-02-27,Monitor,North,8,292.86,Electronics,2342.88
2024-07-09,Tablet,West,7,263.55,Electronics,1844.8500000000001
2024-11-15,Tablet,West,6,1460.96,Electronics,8765.76
2024-11-02,Laptop,East,7,1150.97,Electronics,8056.79
2023-06-22,Phone,West,5,1453.25,Electronics,7266.25
2023-05-29,Headphones,South,7,687.62,Accessories,4813.34
2023-03-21,Phone,South,1,453.63,Electronics,453.63
2023-08-01,Monitor,North,1,1207.53,Electronics,1207.53
2023-07-22,Tablet,North,9,523.07,Electronics,4707.63
2023-08-17,Laptop,West,5,484.11,Electronics,2420.55
2024-11-06,Laptop,East,5,387.13,Electronics,1935.65
2023-08-15,Headphones,West,3,238.03,Accessories,714.09
2024-10-20,Phone,West,5,421.87,Electronics,2109.35
2024-06-15,Headphones,West,3,565.21,Accessories,1695.63
2024-03-16,Tablet,West,9,1027.29,Electronics,9245.61
2024-02-06,Headphones,South,9,140.72,Accessories,1266.48
2023-02-16,Laptop,East,6,355.24,Electronics,2131.44
2023-08-21,Laptop,South,1,1223.08,Electronics,1223.08
2023-11-01,Monitor,East,7,263.04,Electronics,1841.2800000000002
2024-06-09,Monitor,North,7,546.84,Electronics,3827.88
2023-05-23,Tablet,West,4,1303.76,Electronics,5215.04
2024-02-19,Phone,South,8,274.64,Electronics,2197.12
2024-05-27,Headphones,East,6,169.97,Accessories,1019.8199999999999
2024-01-08,Tablet,North,4,752.58,Electronics,3010.32
2024-07-19,Monitor,North,4,488.51,Electronics,1954.04
2023-09-16,Headphones,West,2,866.94,Accessories,1733.88
2024-10-17,Monitor,East,2,1215.52,Electronics,2431.04
2024-04-15,Headphones,South,4,248.87,Accessories,995.48
2023-01-12,Phone,West,5,892.01,Electronics,4460.05
2023-11-26,Tablet,South,8,782.99,Electronics,6263.92
2023-12-24,Headphones,North,6,258.91,Accessories,1553.46
2024-02-12,Laptop,South,4,954.8,Electronics,3819.2
2024-10-29,Laptop,South,7,446.78,Electronics,3127.46
2024-01-08,Headphones,West,8,757.36,Accessories,6058.88
2023-01-08,Headphones,South,2,169.29,Accessories,338.58
2023-05-02,Headphones,West,7,716.4,Accessories,5014.8
2023-12-14,Laptop,North,2,494.37,Electronics,988.74
2024-11-06,Laptop,West,2,1242.45,Electronics,2484.9
2023-03-31,Headphones,West,8,132.62,Accessories,1060.96
2024-10-09,Monitor,East,2,656.98,Electronics,1313.96
2024-11-28,Monitor,South,9,714.73,Electronics,6432.57
2023-11-12,Phone,North,1,1101.26,Electronics,1101.26
2023-06-27,Tablet,West,9,882.72,Electronics,7944.4800000000005
2024-06-23,Monitor,North,1,1017.46,Electronics,1017.46
2023-02-10,Laptop,East,2,1176.72,Electronics,2353.44
2024-12-04,Monitor,South,6,1300.19,Electronics,7801.14
2024-05-16,Phone,West,6,505.12,Electronics,3030.7200000000003
2023-05-25,Phone,South,1,830.13,Electronics,830.13
2023-07-20,Tablet,East,7,1268.16,Electronics,8877.12
2024-12-24,Monitor,East,8,1484.7,Electronics,11877.6
2024-04-05,Laptop,North,2,1339.8,Electronics,2679.6
2024-07-11,Laptop,West,8,588.63,Electronics,4709.04
2024-06-30,Headphones,North,9,332.99,Accessories,2996.91
2023-09-10,Laptop,East,6,759.62,Electronics,4557.72
2024-01-25,Tablet,South,5,1125.38,Electronics,5626.900000000001
2024-08-16,Tablet,North,9,764.23,Electronics,6878.07
2023-09-13,Laptop,North,9,750.61,Electronics,6755.49
2024-12-09,Laptop,South,1,1265.43,Electronics,1265.43
2024-03-25,Headphones,North,3,574.04,Accessories,1722.12
2023-01-10,Laptop,South,9,1296.7,Electronics,11670.300000000001
2023-08-30,Headphones,West,2,639.87,Accessories,1279.74
2023-09-08,Headphones,South,4,525.94,Accessories,2103.76
2023-01-05,Laptop,West,4,708.29,Electronics,2833.16
2023-04-29,Phone,South,2,1155.55,Electronics,2311.1
2024-01-09,Phone,East,3,232.7,Electronics,698.0999999999999
2023-03-06,Headphones,East,3,334.81,Accessories,1004.4300000000001
2023-05-26,Laptop,West,1,1429.59,Electronics,1429.59
2023-08-12,Phone,West,6,304.46,Electronics,1826.7599999999998
2023-08-27,Laptop,East,8,873.2,Electronics,6985.6
2023-06-26,Laptop,West,3,890.01,Electronics,2670.0299999999997
2023-10-09,Laptop,South,5,759.96,Electronics,3799.8
2023-03-04,Monitor,South,1,984.88,Electronics,984.88
2023-08-05,Laptop,East,7,383.25,Electronics,2682.75
2024-11-19,Monitor,North,1,851.36,Electronics,851.36
2024-04-05,Headphones,South,9,589.65,Accessories,5306.849999999999
2024-09-01,Phone,West,8,1009.42,Electronics,8075.36
2023-04-15,Phone,North,7,254.77,Electronics,1783.39
2023-04-09,Phone,North,7,877.77,Electronics,6144.389999999999
2024-05-25,Phone,South,5,318.64,Electronics,1593.1999999999998
2024-01-20,Phone,South,5,454.03,Electronics,2270.1499999999996
2024-02-09,Phone,North,5,367.13,Electronics,1835.65
2024-06-01,Phone,North,1,315.11,Electronics,315.11
2024-04-20,Headphones,East,8,1247.28,Accessories,9978.24
2024-12-09,Laptop,West,1,464.28,Electronics,464.28
2024-10-06,Tablet,East,4,1394.33,Electronics,5577.32
2024-03-12,Monitor,South,9,1456.39,Electronics,13107.51
2023-01-23,Tablet,East,9,878.33,Electronics,7904.97
2024-07-18,Tablet,East,5,257.35,Electronics,1286.75
2024-11-07,Laptop,East,4,593.09,Electronics,2372.36
2024-12-14,Laptop,East,3,1206.71,Electronics,3620.13
2024-04-02,Laptop,West,3,582.72,Electronics,1748.16
2023-03-24,Phone,West,5,176.17,Electronics,880.8499999999999
2023-05-25,Headphones,North,1,857.34,Accessories,857.34
2023-03-26,Phone,South,5,1275.43,Electronics,6377.150000000001
2023-03-19,Headphones,East,6,1204.09,Accessories,7224.539999999999
2024-04-01,Headphones,North,7,303.93,Accessories,2127.51
2023-01-01,Tablet,North,9,1025.51,Electronics,9229.59
2023-02-20,Tablet,North,3,369.73,Electronics,1109.19
2024-11-15,Headphones,West,2,366.4,Accessories,732.8
2024-12-17,Headphones,East,3,1317.4,Accessories,3952.2000000000003
2024-03-21,Phone,East,9,412.02,Electronics,3708.18
2024-03-24,Phone,South,7,431.71,Electronics,3021.97
2024-05-02,Tablet,East,9,50.95,Electronics,458.55
2023-02-03,Laptop,East,2,1312.47,Electronics,2624.94
2023-12-14,Headphones,North,5,1199.26,Accessories,5996.3
2023-04-05,Phone,South,4,959.63,Electronics,3838.52
2023-03-13,Tablet,East,2,1137.89,Electronics,2275.78
2024-07-04,Phone,West,9,270.47,Electronics,2434.2300000000005
2023-06-03,Headphones,East,9,714.57,Accessories,6431.13
2023-09-07,Headphones,North,6,559.27,Accessories,3355.62
2024-11-04,Monitor,West,6,185.98,Electronics,1115.8799999999999
2024-03-13,Laptop,North,8,754.89,Electronics,6039.12
2023-04-28,Monitor,East,6,1385.07,Electronics,8310.42
2023-11-02,Tablet,West,1,108.09,Electronics,108.09
2023-09-25,Phone,South,4,472.62,Electronics,1890.48
2023-02-23,Tablet,South,7,350.93,Electronics,2456.51
2023-08-24,Headphones,West,2,395.31,Accessories,790.62
2024-01-24,Monitor,West,9,1367.23,Electronics,12305.07
2024-02-05,Monitor,North,8,728.7,Electronics,5829.6
2024-09-15,Monitor,West,8,726.13,Electronics,5809.04
2023-10-30,Tablet,North,7,1152.83,Electronics,8069.8099999999995
2023-07-26,Headphones,East,4,274.01,Accessories,1096.04
2023-08-17,Phone,North,2,756.53,Electronics,1513.06
2024-07-31,Phone,West,3,673.48,Electronics,2020.44
2023-03-16,Tablet,West,6,915.52,Electronics,5493.12
2024-03-10,Monitor,East,5,1499.36,Electronics,7496.799999999999
2023-04-13,Laptop,West,8,1165.7,Electronics,9325.6
2024-02-26,Tablet,West,6,626.91,Electronics,3761.46
2024-12-04,Tablet,South,6,1249.95,Electronics,7499.700000000001
2023-11-02,Headphones,South,1,297.53,Accessories,297.53
2023-04-08,Phone,East,4,94.17,Electronics,376.68
2023-12-01,Tablet,North,5,346.45,Electronics,1732.25
2024-03-10,Tablet,South,3,543.6,Electronics,1630.8000000000002
2024-03-22,Monitor,North,9,790.34,Electronics,7113.06
2023-11-04,Monitor,West,1,941.94,Electronics,941.94
2023-09-06,Laptop,South,6,1370.38,Electronics,8222.28
2023-06-15,Headphones,East,6,789.29,Accessories,4735.74
2024-04-25,Laptop,East,5,776.85,Electronics,3884.25
2023-12-01,Monitor,East,5,122.85,Electronics,614.25
2024-06-25,Phone,South,5,100.62,Electronics,503.1
2023-04-16,Monitor,North,6,849.18,Electronics,5095.08
2024-07-16,Headphones,West,8,685.36,Accessories,5482.88
2023-03-22,Monitor,North,2,1266.81,Electronics,2533.62
2023-05-13,Headphones,North,6,282.99,Accessories,1697.94
2023-05-18,Headphones,West,1,86.21,Accessories,86.21
2023-07-03,Headphones,West,4,701.11,Accessories,2804.44
2024-02-05,Headphones,South,3,394.34,Accessories,1183.02
2023-11-26,Headphones,South,9,121.94,Accessories,1097.46
2024-05-22,Phone,South,3,1100.67,Electronics,3302.01
2023-03-10,Laptop,South,6,211.81,Electronics,1270.8600000000001
2024-06-29,Tablet,South,1,932.06,Electronics,932.06
2023-02-22,Laptop,West,6,457.52,Electronics,2745.12
2024-03-25,Headphones,North,4,301.57,Accessories,1206.28
2023-07-24,Phone,South,8,600.64,Electronics,4805.12
2023-05-06,Monitor,South,9,1212.1,Electronics,10908.9
2023-02-12,Phone,North,4,618.54,Electronics,2474.16
2023-04-21,Headphones,South,6,1138.62,Accessories,6831.719999999999
2024-10-24,Phone,North,1,231.96,Electronics,231.96
2023-07-02,Phone,North,4,1170.52,Electronics,4682.08
2023-04-05,Headphones,West,7,393.55,Accessories,2754.85
2024-01-09,Phone,East,1,1032.22,Electronics,1032.22
2024-06-03,Tablet,West,8,870.38,Electronics,6963.04
2023-12-26,Tablet,East,6,1397.26,Electronics,8383.56
2024-11-26,Phone,East,5,611.62,Electronics,3058.1
2023-10-08,Monitor,East,9,145.94,Electronics,1313.46
2023-07-14,Headphones,South,2,77.78,Accessories,155.56
2023-07-14,Tablet,West,5,1248.94,Electronics,6244.700000000001
2024-10-28,Monitor,East,6,810.87,Electronics,4865.22
2023-04-03,Phone,North,7,1174.1,Electronics,8218.699999999999
2024-11-02,Monitor,South,5,389.92,Electronics,1949.6000000000001
2023-03-02,Laptop,West,9,550.37,Electronics,4953.33
2024-09-25,Tablet,East,1,93.65,Electronics,93.65
2023-02-20,Phone,North,7,1444.16,Electronics,10109.12
2024-02-07,Headphones,West,7,1018.41,Accessories,7128.87
2023-01-05,Phone,West,4,1403.15,Electronics,5612.6
2024-04-10,Headphones,South,9,434.97,Accessories,3914.7300000000005
2024-08-26,Phone,West,5,936.62,Electronics,4683.1
2024-11-12,Monitor,South,4,1033.82,Electronics,4135.28
2024-06-17,Monitor,East,7,510.45,Electronics,3573.15
2024-02-09,Monitor,South,4,1279.76,Electronics,5119.04
2024-05-27,Laptop,North,3,1423.38,Electronics,4270.14
2024-10-06,Headphones,South,9,1333.04,Accessories,11997.36
2023-08-21,Monitor,North,8,1121.65,Electronics,8973.2
2024-06-07,Laptop,South,1,452.32,Electronics,452.32
2023-12-12,Headphones,West,7,458.34,Accessories,3208.3799999999997
2023-02-15,Phone,East,9,1446.87,Electronics,13021.829999999998
2024-06-29,Laptop,North,8,64.91,Electronics,519.28
2023-03-19,Tablet,South,8,1088.27,Electronics,8706.16
2024-12-30,Laptop,South,6,1074.06,Electronics,6444.36
2023-03-14,Laptop,South,4,952.9,Electronics,3811.6
2023-09-06,Headphones,West,8,1485.66,Accessories,11885.28
2023-02-16,Phone,West,3,502.23,Electronics,1506.69
2023-05-01,Tablet,North,9,542.96,Electronics,4886.64
2023-08-02,Monitor,North,2,164.46,Electronics,328.92
2023-08-27,Monitor,West,2,692.06,Electronics,1384.12
2023-02-25,Laptop,North,7,428.52,Electronics,2999.64
2023-12-16,Headphones,East,4,547.91,Accessories,2191.64
2023-04-17,Headphones,East,8,1260.13,Accessories,10081.04
2023-02-17,Monitor,West,9,1406.45,Electronics,12658.050000000001
2024-07-26,Tablet,North,7,319.31,Electronics,2235.17
2023-12-03,Phone,South,5,590.14,Electronics,2950.7
2023-01-26,Tablet,East,8,1396.51,Electronics,11172.08
2023-09-14,Phone,West,4,139.62,Electronics,558.48
2023-01-08,Monitor,North,2,183.92,Electronics,367.84
2024-09-16,Phone,West,6,286.05,Electronics,1716.3000000000002
2023-09-10,Headphones,South,9,913.06,Accessories,8217.539999999999
2024-11-22,Laptop,East,1,268.18,Electronics,268.18
2024-12-19,Laptop,West,7,1453.71,Electronics,10175.970000000001
2023-10-30,Monitor,West,9,697.74,Electronics,6279.66
2024-09-30,Headphones,West,9,777.2,Accessories,6994.8
2023-02-25,Tablet,South,3,407.65,Electronics,1222.9499999999998
2024-12-26,Headphones,West,5,732.89,Accessories,3664.45
2024-06-09,Laptop,South,8,1009.77,Electronics,8078.16
2024-04-18,Laptop,South,8,1139.21,Electronics,9113.68
2023-01-28,Headphones,South,4,1143.11,Accessories,4572.44
2023-03-19,Headphones,East,1,887.94,Accessories,887.94
2023-08-04,Laptop,East,1,1361.32,Electronics,1361.32
2024-01-21,Tablet,West,4,1235.24,Electronics,4940.96
2023-12-31,Monitor,West,6,1147.72,Electronics,6886.32
2024-10-27,Monitor,East,8,130.63,Electronics,1045.04
2024-06-09,Headphones,North,6,59.97,Accessories,359.82
2024-11-29,Monitor,East,9,358.05,Electronics,3222.4500000000003
2023-11-08,Laptop,South,9,1012.11,Electronics,9108.99
2023-01-07,Laptop,East,2,646.24,Electronics,1292.48
2023-01-03,Headphones,South,1,633.49,Accessories,633.49
2024-09-14,Headphones,West,2,1332.65,Accessories,2665.3
2023-12-29,Headphones,North,5,1348.57,Accessories,6742.849999999999
2024-05-22,Tablet,West,4,1368.3,Electronics,5473.2
2023-10-01,Monitor,South,4,505.12,Electronics,2020.48
2024-05-20,Headphones,South,9,1052.03,Accessories,9468.27
2023-01-15,Phone,South,8,443.87,Electronics,3550.96
2023-07-11,Phone,North,6,326.38,Electronics,1958.28
2024-09-22,Laptop,East,1,317.72,Electronics,317.72
2024-04-29,Monitor,West,2,546.06,Electronics,1092.12
2023-01-28,Headphones,West,6,673.44,Accessories,4040.6400000000003
2024-12-14,Phone,East,2,1254.88,Electronics,2509.76
2023-02-08,Monitor,West,5,223.84,Electronics,1119.2
2023-09-30,Laptop,North,5,1115.64,Electronics,5578.200000000001
2023-08-19,Tablet,West,6,820.61,Electronics,4923.66
2023-03-27,Monitor,South,6,467.52,Electronics,2805.12
2024-04-18,Monitor,East,6,764.59,Electronics,4587.54
2023-05-06,Tablet,North,2,484.92,Electronics,969.84
2024-06-20,Monitor,East,3,914.32,Electronics,2742.96
2023-05-25,Laptop,North,6,679.07,Electronics,4074.42
2024-06-08,Laptop,South,8,288.39,Electronics,2307.12
2023-07-31,Tablet,East,1,219.05,Electronics,219.05
2023-01-25,Headphones,West,1,842.71,Accessories,842.71
2024-08-02,Phone,North,2,1358.5,Electronics,2717.0
2024-01-29,Headphones,East,6,548.74,Accessories,3292.44
2023-03-08,Monitor,West,9,1112.85,Electronics,10015.65
2023-08-21,Phone,East,4,1005.06,Electronics,4020.24
2023-04-19,Tablet,East,3,1400.75,Electronics,4202.25
2023-05-26,Tablet,East,8,1240.42,Electronics,9923.36
2023-04-21,Phone,North,9,871.58,Electronics,7844.22
2023-08-16,Laptop,West,5,1002.69,Electronics,5013.450000000001
2023-04-21,Phone,South,9,1352.66,Electronics,12173.94
2024-04-14,Monitor,North,2,629.3,Electronics,1258.6
2023-02-03,Laptop,North,3,523.85,Electronics,1571.5500000000002
2024-09-14,Tablet,North,7,65.68,Electronics,459.76000000000005
2024-01-04,Phone,South,7,1248.5,Electronics,8739.5
2024-08-17,Headphones,West,6,1211.42,Accessories,7268.52
2024-07-07,Headphones,West,6,201.46,Accessories,1208.76
2024-02-29,Monitor,West,2,886.44,Electronics,1772.88
2024-09-04,Headphones,East,6,722.77,Accessories,4336.62
2024-06-01,Phone,East,4,222.13,Electronics,888.52
2024-11-22,Phone,East,3,1471.82,Electronics,4415.46
2023-10-09,Headphones,South,2,361.31,Accessories,722.62
2023-11-16,Phone,East,1,147.49,Electronics,147.49
2024-03-18,Monitor,South,5,912.53,Electronics,4562.65
2023-11-11,Laptop,West,2,1121.36,Electronics,2242.72
2024-01-12,Monitor,East,2,97.04,Electronics,194.08
2023-10-16,Monitor,East,7,1005.14,Electronics,7035.98
2024-03-12,Phone,North,8,821.82,Electronics,6574.56
2024-10-23,Laptop,South,8,199.73,Electronics,1597.84
2023-10-04,Phone,West,4,300.16,Electronics,1200.64
2024-12-10,Tablet,North,1,873.56,Electronics,873.56
2024-08-04,Phone,North,7,479.72,Electronics,3358.04
2024-05-17,Phone,West,1,1410.56,Electronics,1410.56
2024-09-15,Phone,North,4,1237.17,Electronics,4948.68
2024-05-30,Laptop,South,8,1476.17,Electronics,11809.36
2023-12-16,Phone,South,2,426.52,Electronics,853.04
2024-03-21,Laptop,East,6,1456.1,Electronics,8736.599999999999
2023-12-16,Headphones,North,6,675.29,Accessories,4051.74
2024-08-29,Tablet,East,9,553.9,Electronics,4985.099999999999
2024-10-25,Laptop,North,5,123.01,Electronics,615.0500000000001
2023-05-17,Headphones,South,4,126.51,Accessories,506.04
2023-08-31,Laptop,South,5,1053.42,Electronics,5267.1
2024-06-26,Laptop,South,5,714.0,Electronics,3570.0
2023-02-09,Tablet,North,8,378.46,Electronics,3027.68
2023-08-17,Monitor,South,8,940.26,Electronics,7522.08
2024-07-01,Monitor,North,2,416.64,Electronics,833.28
2023-08-11,Laptop,East,7,887.57,Electronics,6212.990000000001
2023-01-06,Phone,North,8,570.85,Electronics,4566.8
2023-11-18,Headphones,East,6,1244.15,Accessories,7464.900000000001
2024-04-12,Phone,North,5,1240.01,Electronics,6200.05
2023-03-16,Phone,East,9,742.16,Electronics,6679.44
2023-01-04,Laptop,South,3,558.69,Electronics,1676.0700000000002
2024-10-07,Laptop,East,4,575.71,Electronics,2302.84
2023-04-28,Laptop,South,9,1218.29,Electronics,10964.61
2024-08-28,Laptop,South,6,525.86,Electronics,3155.16
2024-05-18,Monitor,East,8,353.14,Electronics,2825.12
2024-07-27,Laptop,North,7,172.8,Electronics,1209.6000000000001
2024-03-16,Monitor,North,2,726.71,Electronics,1453.42
2023-07-13,Monitor,West,3,749.09,Electronics,2247.27
2024-12-15,Laptop,North,1,1269.32,Electronics,1269.32
2024-01-27,Tablet,West,9,370.8,Electronics,3337.2000000000003
2023-01-26,Headphones,North,7,602.44,Accessories,4217.08
2024-03-10,Phone,North,1,1222.19,Electronics,1222.19
2023-06-22,Monitor,South,3,1244.25,Electronics,3732.75
2023-10-27,Headphones,West,4,607.69,Accessories,2430.76
2024-10-06,Tablet,North,4,715.73,Electronics,2862.92
2023-11-22,Phone,West,5,489.76,Electronics,2448.8
2024-02-14,Phone,South,3,1402.2,Electronics,4206.6
2023-04-28,Monitor,South,3,222.03,Electronics,666.09
2024-12-24,Laptop,West,1,1403.94,Electronics,1403.94
2023-08-13,Tablet,South,7,1041.61,Electronics,7291.2699999999995
2024-06-15,Monitor,East,1,820.78,Electronics,820.78
2023-04-23,Tablet,East,2,97.36,Electronics,194.72
2023-05-20,Laptop,South,4,739.61,Electronics,2958.44
2024-07-12,Laptop,East,4,641.23,Electronics,2564.92
2023-01-01,Monitor,North,5,283.77,Electronics,1418.85
2023-03-31,Laptop,West,2,1001.79,Electronics,2003.58
2024-10-15,Headphones,North,4,1458.17,Accessories,5832.68
2023-11-16,Phone,West,1,865.17,Electronics,865.17
2024-07-03,Monitor,South,2,1086.39,Electronics,2172.78
2023-05-19,Tablet,North,1,149.25,Electronics,149.25
2024-05-25,Headphones,South,4,655.62,Accessories,2622.48
2023-09-16,Monitor,South,4,218.72,Electronics,874.88
2024-11-03,Laptop,West,7,938.55,Electronics,6569.849999999999
2024-11-20,Laptop,West,9,1410.8,Electronics,12697.199999999999
2023-01-10,Laptop,West,9,1009.58,Electronics,9086.220000000001
2023-09-18,Laptop,North,5,161.36,Electronics,806.8000000000001
2024-10-11,Tablet,East,1,564.27,Electronics,564.27
2023-06-21,Headphones,West,1,848.46,Accessories,848.46
2023-01-13,Phone,West,6,634.65,Electronics,3807.8999999999996
2023-06-17,Tablet,North,2,1258.78,Electronics,2517.56
2024-10-03,Tablet,West,8,1231.27,Electronics,9850.16
2024-08-18,Phone,North,9,937.15,Electronics,8434.35
2023-11-17,Phone,South,4,591.51,Electronics,2366.04
2023-11-15,Laptop,West,5,420.24,Electronics,2101.2
2024-09-04,Tablet,West,8,203.52,Electronics,1628.16
